City_ID,City,Country,Date,Lat,Lng,Max Temp,Humidity,Cloudiness,Wind Speed
0,Wanning,CN,2023-04-29 09:44:08,18.8003,110.3967,82.44,74,20,7.38
1,Saint-Philippe,RE,2023-04-29 09:44:08,-21.3585,55.7679,83.79,68,17,10.16
2,Hermanus,ZA,2023-04-29 09:44:09,-34.4187,19.2345,65.8,68,99,9.4
3,Port Elizabeth,ZA,2023-04-29 09:44:09,-33.918,25.5701,73.09,54,40,21.85
4,Roald,NO,2023-04-29 09:44:09,62.5833,6.1333,41.14,70,75,8.05
5,Upernavik,GL,2023-04-29 09:44:10,72.7868,-56.1549,18.91,69,100,2.77
6,Cape Town,ZA,2023-04-29 09:40:41,-33.9258,18.4232,69.12,75,75,4.0
7,Vaini,TO,2023-04-29 09:44:10,-21.2,-175.2,77.16,94,20,6.91
8,Kulu,TR,2023-04-29 09:44:10,39.0951,33.0799,47.55,53,91,4.45
9,Mahebourg,MU,2023-04-29 09:44:10,-20.4081,57.7,85.24,65,40,5.75
10,Chokurdakh,RU,2023-04-29 09:44:11,70.6333,147.9167,29.52,86,100,5.12
11,Saskylakh,RU,2023-04-29 09:44:11,71.9167,114.0833,30.15,94,100,6.38
12,Jurm,AF,2023-04-29 09:44:11,36.8648,70.8342,71.69,20,1,7.47
13,Bagdarin,RU,2023-04-29 09:44:11,54.4333,113.6,44.98,43,94,4.94
14,Bethel,US,2023-04-29 09:44:11,41.3712,-73.414,48.2,88,100,8.05
15,Santa Ana,US,2023-04-29 09:44:12,33.7456,-117.8678,59.86,88,100,3.44
16,Kapaa,US,2023-04-29 09:44:12,22.0752,-159.319,73.72,91,100,16.11
17,Ribeira Grande,PT,2023-04-29 09:44:12,38.5167,-28.7,63.0,77,75,12.66
18,Chuy,UY,2023-04-29 09:44:12,-33.6971,-53.4616,59.49,95,4,7.94
19,Cayenne,GF,2023-04-29 09:40:57,4.9333,-52.3333,73.44,94,20,2.3
20,Severo-Kurilsk,RU,2023-04-29 09:44:13,50.6789,156.125,33.01,87,100,7.52
21,Auki,SB,2023-04-29 09:44:13,-8.7676,160.7034,79.39,86,98,4.74
22,Sayyan,YE,2023-04-29 09:44:13,15.1718,44.3244,69.08,39,61,4.79
23,Airai,TL,2023-04-29 09:44:13,-8.9266,125.4092,61.39,92,74,2.15
24,Punta Arenas,CL,2023-04-29 09:44:14,-53.15,-70.9167,39.31,93,100,25.32
25,Cidreira,BR,2023-04-29 09:44:14,-30.1811,-50.2056,65.08,79,0,11.74
26,Vagur,FO,2023-04-29 09:44:14,61.4732,-6.8119,36.41,61,89,18.28
27,Carnarvon,AU,2023-04-29 09:44:14,-24.8667,113.6333,78.51,52,100,10.45
28,Albany,US,2023-04-29 09:42:13,42.6001,-73.9662,50.41,75,100,4.0
29,Tuktoyaktuk,CA,2023-04-29 09:44:15,69.4541,-133.0374,0.34,100,70,1.68
30,Mongoumba,CF,2023-04-29 09:44:15,3.6415,18.5936,71.67,95,100,4.21
31,Bereznik,RU,2023-04-29 09:44:15,62.8551,42.7072,39.6,91,100,12.93
32,Mount Gambier,AU,2023-04-29 09:40:13,-37.8333,140.7667,49.68,76,95,4.76
33,Atuona,PF,2023-04-29 09:44:16,-9.8,-139.0333,81.46,72,5,15.59
34,Port Alfred,ZA,2023-04-29 09:44:16,-33.5906,26.891,74.17,50,2,8.01
35,Mar Del Plata,AR,2023-04-29 09:44:16,-38.0023,-57.5575,65.08,87,0,11.5
36,Butaritari,KI,2023-04-29 09:44:16,3.0707,172.7902,82.87,77,97,11.81
37,Jiangyou,CN,2023-04-29 09:44:16,31.7667,104.7167,73.26,27,22,6.6
38,Tiksi,RU,2023-04-29 09:44:17,71.6872,128.8694,29.05,88,85,5.39
39,Alofi,NU,2023-04-29 09:44:17,-19.0595,-169.9187,75.09,100,96,9.22
40,Mariakani,KE,2023-04-29 09:44:17,-3.8633,39.4736,73.49,63,100,12.97
41,Shenzhen,CN,2023-04-29 09:44:17,22.5455,114.0683,80.55,92,97,9.98
42,Hasaki,JP,2023-04-29 09:44:18,35.7333,140.8333,69.22,86,73,24.49
43,Muravlenko,RU,2023-04-29 09:44:18,63.7898,74.523,27.05,88,100,24.47
44,Fairbanks,US,2023-04-29 09:40:00,64.8378,-147.7164,34.21,71,40,3.44
45,Brae,GB,2023-04-29 09:44:18,60.3964,-1.353,40.91,60,91,17.9
46,Tasiilaq,GL,2023-04-29 09:44:18,65.6145,-37.6368,26.76,81,100,3.09
47,Iqaluit,CA,2023-04-29 09:44:19,63.7506,-68.5145,28.13,86,100,8.05
48,Zaria,NG,2023-04-29 09:45:19,11.1113,7.7227,91.08,33,97,10.11
49,Hinton,CA,2023-04-29 09:45:19,53.4001,-117.5857,40.01,91,19,2.39
50,Kondoa,TZ,2023-04-29 09:45:20,-4.9,35.7833,78.62,45,96,8.34
51,Hohhot,CN,2023-04-29 09:45:20,40.8106,111.6522,59.29,25,0,13.42
52,San Jose,US,2023-04-29 09:45:08,37.3394,-121.895,58.28,82,40,24.0
53,Tautira,PF,2023-04-29 09:45:20,-17.7333,-149.15,81.07,80,67,7.76
54,Cumana,VE,2023-04-29 09:45:21,10.4635,-64.1775,78.21,82,37,3.13
55,Bengkulu,ID,2023-04-29 09:45:21,-3.8004,102.2655,81.43,82,85,4.59
56,Phalodi,IN,2023-04-29 09:45:21,27.1333,72.3667,91.29,25,19,13.4
57,Teahupoo,PF,2023-04-29 09:45:22,-17.8333,-149.2667,73.36,79,66,8.52
58,Lavrentiya,RU,2023-04-29 09:45:22,65.5833,-171.0,11.01,90,100,9.66
59,Mataura,NZ,2023-04-29 09:45:22,-46.1927,168.8643,52.48,86,41,2.93
60,Busselton,AU,2023-04-29 09:45:22,-33.65,115.3333,58.87,76,47,6.2
61,Gamba,GA,2023-04-29 09:45:22,-2.65,10.0,84.18,67,76,2.8
62,Meulaboh,ID,2023-04-29 09:45:23,4.1363,96.1285,83.71,73,100,3.71
63,Hilo,US,2023-04-29 09:40:56,19.7297,-155.09,72.63,96,100,5.75
64,Pevek,RU,2023-04-29 09:45:23,69.7008,170.3133,-2.33,100,23,3.36
65,Miri,MY,2023-04-29 09:45:23,4.4148,114.0089,86.14,74,40,5.75
66,New Norfolk,AU,2023-04-29 09:45:23,-42.7826,147.0587,53.1,52,48,4.0
67,Moerai,PF,2023-04-29 09:45:24,-22.4333,-151.3333,74.21,66,42,9.19
68,Qasigiannguit,GL,2023-04-29 09:45:24,68.8193,-51.1922,30.45,76,19,4.97
69,Sola,VU,2023-04-29 09:45:24,-13.8833,167.55,82.26,72,6,7.47
70,Nuuk,GL,2023-04-29 09:45:24,64.1835,-51.7216,32.61,93,0,2.3
71,Bluff,NZ,2023-04-29 09:45:25,-46.6,168.3333,52.81,80,17,10.87
72,Khatanga,RU,2023-04-29 09:45:25,71.9667,102.5,29.57,88,100,13.65
73,Nikolskoye,RU,2023-04-29 09:45:25,59.7035,30.7861,45.79,57,89,12.21
74,Gitega,BI,2023-04-29 09:45:25,-3.5,29.95,69.67,79,91,5.82
75,Charters Towers,AU,2023-04-29 09:45:25,-20.1,146.2667,73.87,55,100,8.52
76,Quelimane,MZ,2023-04-29 09:45:26,-17.8786,36.8883,82.35,61,40,5.01
77,Ballina,AU,2023-04-29 09:45:26,-28.8667,153.5667,66.78,75,98,11.9
78,Henties Bay,NA,2023-04-29 09:45:26,-22.116,14.2845,64.81,71,3,10.63
79,Uray,RU,2023-04-29 09:45:26,60.1247,64.7758,43.36,32,54,10.76
80,Hithadhoo,MV,2023-04-29 09:45:27,-0.6,73.0833,82.76,74,100,8.03
81,Manzanillo,CU,2023-04-29 09:45:27,20.3433,-77.1167,75.11,82,99,2.24
82,Luderitz,NA,2023-04-29 09:45:27,-26.6481,15.1594,73.81,40,0,17.98
83,Beira,MZ,2023-04-29 09:45:27,-19.8436,34.8389,78.89,69,20,3.6
84,Ushuaia,AR,2023-04-29 09:45:27,-54.8,-68.3,37.06,93,75,11.5
85,Nome,US,2023-04-29 09:45:28,64.5011,-165.4064,31.15,100,100,4.61
86,Avarua,CK,2023-04-29 09:45:28,-21.2078,-159.775,73.45,73,20,3.44
87,Simoes,BR,2023-04-29 09:45:28,-7.5989,-40.8178,72.45,87,71,3.67
88,Vila Velha,BR,2023-04-29 09:45:28,-20.3297,-40.2925,71.94,97,75,3.44
89,Nanortalik,GL,2023-04-29 09:45:29,60.1432,-45.2371,31.98,61,0,3.0
90,Hobart,AU,2023-04-29 09:45:29,-42.8794,147.3294,53.46,59,0,9.22
91,Daru,PG,2023-04-29 09:45:29,-9.0763,143.2092,80.17,86,71,9.01
92,Souillac,MU,2023-04-29 09:45:29,-20.5167,57.5167,82.78,65,40,5.75
93,Codrington,AU,2023-04-29 09:45:29,-38.2667,141.9667,51.44,73,84,6.08
94,Thompson,CA,2023-04-29 09:46:30,55.7435,-97.8558,35.76,55,75,4.61
95,Tilichiki,RU,2023-04-29 09:46:30,60.4667,166.1,6.35,93,15,6.2
96,Jamestown,US,2023-04-29 09:46:30,42.097,-79.2353,47.55,90,100,8.05
97,Arraial Do Cabo,BR,2023-04-29 09:46:31,-22.9661,-42.0278,69.66,94,40,4.61
98,High Level,CA,2023-04-29 09:45:03,58.5169,-117.136,41.11,48,0,3.44
99,Rawson,AR,2023-04-29 09:46:31,-43.3002,-65.1023,61.61,52,0,18.45
100,Khasan,RU,2023-04-29 09:46:31,42.4308,130.6434,41.41,97,100,4.41
101,Cap Malheureux,MU,2023-04-29 09:46:31,-19.9842,57.6142,85.46,58,0,8.01
102,Rikitea,PF,2023-04-29 09:46:32,-23.1203,-134.9692,77.2,70,63,7.02
103,Nemuro,JP,2023-04-29 09:46:32,43.3236,145.575,41.31,99,100,6.06
104,Moussoro,TD,2023-04-29 09:46:32,13.6408,16.4901,102.13,19,72,13.33
105,Beringovskiy,RU,2023-04-29 09:46:32,63.05,179.3167,15.71,90,100,20.38
106,Camenca,MD,2023-04-29 09:46:33,48.0319,28.6978,56.68,39,5,10.96
107,Saldanha,ZA,2023-04-29 09:46:33,-33.0117,17.9442,62.65,77,79,11.65
108,Lebu,CL,2023-04-29 09:46:33,-37.6167,-73.65,56.46,88,26,19.13
109,Faanui,PF,2023-04-29 09:46:33,-16.4833,-151.75,81.75,79,67,13.89
110,Homer,US,2023-04-29 09:46:34,59.6425,-151.5483,37.8,72,40,1.01
111,Aklavik,CA,2023-04-29 09:46:34,68.2191,-135.0107,16.03,96,100,3.74
112,Beihai,CN,2023-04-29 09:45:47,21.4833,109.1,71.33,83,95,20.18
113,Saint-Avold,FR,2023-04-29 09:46:35,49.1027,6.7006,54.5,86,100,6.51
114,Te Anau,NZ,2023-04-29 09:46:35,-45.4167,167.7167,51.91,86,51,3.06
115,Ahipara,NZ,2023-04-29 09:46:35,-35.1667,173.1667,60.33,87,100,21.72
116,Benguela,AO,2023-04-29 09:44:57,-12.5763,13.4055,84.31,66,100,4.83
117,Socorro,US,2023-04-29 09:46:36,31.6546,-106.3033,52.81,40,20,8.05
118,Port Hardy,CA,2023-04-29 09:46:36,50.6996,-127.4199,41.18,100,40,2.3
119,San Patricio,US,2023-04-29 09:46:36,28.017,-97.5169,63.84,79,0,20.51
120,Puerto Madero,MX,2023-04-29 09:46:37,14.7208,-92.4215,77.2,100,0,0.0
121,Praia Da Vitoria,PT,2023-04-29 09:46:37,38.7333,-27.0667,62.76,82,20,12.5
122,Lorengau,PG,2023-04-29 09:46:37,-2.0226,147.2712,81.63,79,84,2.42
123,Ancud,CL,2023-04-29 09:46:37,-41.8697,-73.8203,49.55,87,100,8.32
124,Clyde River,CA,2023-04-29 09:46:38,70.4692,-68.5914,17.83,93,100,13.8
125,Eldorado,BR,2023-04-29 09:45:31,-23.7869,-54.2836,58.93,93,0,5.66
126,Castro,BR,2023-04-29 09:46:38,-24.7911,-50.0119,53.28,93,56,4.52
127,Bredasdorp,ZA,2023-04-29 09:46:38,-34.5322,20.0403,64.9,55,100,11.88
128,Ketchikan,US,2023-04-29 09:46:39,55.3422,-131.6461,46.87,87,0,10.36
129,Dubti,ET,2023-04-29 09:46:39,11.7361,41.0853,96.26,31,40,2.51
130,Nova Olinda Do Norte,BR,2023-04-29 09:46:39,-3.8881,-59.0942,72.63,99,80,2.28
131,Neryungri,RU,2023-04-29 09:46:39,56.6709,124.6491,33.87,81,50,2.91
132,Kruisfontein,ZA,2023-04-29 09:46:40,-34.0033,24.7314,70.88,49,61,20.29
133,Pitimbu,BR,2023-04-29 09:46:40,-7.4706,-34.8086,75.79,84,23,4.9
134,Broome,US,2023-04-29 09:46:40,42.2506,-75.833,43.86,94,100,11.5
135,Marathon,US,2023-04-29 09:47:40,44.9,-89.7668,47.73,86,100,10.36
136,Porto Novo,BJ,2023-04-29 09:47:40,6.4965,2.6036,84.36,70,99,5.53
137,General Roca,AR,2023-04-29 09:47:41,-39.0333,-67.5833,61.63,38,0,29.39
138,Teacapan,MX,2023-04-29 09:47:41,22.55,-105.75,64.96,82,16,3.65
139,Saint George,US,2023-04-29 09:45:02,37.1041,-113.5841,62.94,27,0,6.91
140,Roma,US,2023-04-29 09:46:13,43.2128,-75.4557,46.54,81,100,16.11
141,Bismarck,US,2023-04-29 09:47:41,46.8083,-100.7837,40.8,77,20,9.22
142,Palaikastron,GR,2023-04-29 09:47:42,35.2,26.25,61.43,52,93,29.62
143,Booue,GA,2023-04-29 09:47:42,-0.0921,11.9385,75.09,94,100,1.95
144,Kavieng,PG,2023-04-29 09:47:42,-2.5744,150.7967,83.07,77,82,10.07
145,Chadiza,ZM,2023-04-29 09:47:42,-14.0678,32.4392,77.61,42,55,3.6
146,Grindavik,IS,2023-04-29 09:47:43,63.8424,-22.4338,34.27,60,0,12.66
147,Borger,NL,2023-04-29 09:47:43,52.9233,6.7931,58.03,71,55,10.38
148,San Andres,CO,2023-04-29 09:47:43,12.5847,-81.7006,80.62,78,20,4.61
149,Paamiut,GL,2023-04-29 09:47:44,61.994,-49.6678,31.78,52,0,5.91
150,Margate,GB,2023-04-29 09:45:10,51.3813,1.3862,54.7,68,29,3.0
151,Puerto Ayora,EC,2023-04-29 09:47:44,-0.7393,-90.3518,76.55,99,100,0.83
152,Naryan-Mar,RU,2023-04-29 09:47:44,67.6713,53.087,26.24,86,49,7.27
153,Byron Bay,AU,2023-04-29 09:47:44,-28.65,153.6167,66.7,76,99,10.16
154,Kudahuvadhoo,MV,2023-04-29 09:47:45,2.6708,72.8944,83.66,74,87,9.93
155,Avera,US,2023-04-29 09:47:45,33.194,-82.5271,58.51,84,0,4.94
156,Karratha,AU,2023-04-29 09:47:45,-20.7377,116.8463,81.45,46,54,8.81
157,Lagoa,PT,2023-04-29 09:47:45,39.05,-27.9833,59.94,73,95,12.39
158,Dutlwe,BW,2023-04-29 09:47:45,-23.9833,23.9,85.75,27,45,10.76
159,Washougal,US,2023-04-29 09:47:46,45.5826,-122.3534,65.68,64,0,12.66
160,Qaanaaq,GL,2023-04-29 09:47:46,77.484,-69.3632,15.3,80,94,6.29
161,Nynashamn,SE,2023-04-29 09:47:46,58.9034,17.9479,51.17,68,100,17.85
162,College,US,2023-04-29 09:47:46,64.8569,-147.8028,34.2,70,40,3.44
163,Riyadh,SA,2023-04-29 09:45:11,24.6877,46.7219,91.54,17,0,11.88
164,San Rafael,AR,2023-04-29 09:47:47,-34.6177,-68.3301,59.05,57,0,7.31
165,Bantry,IE,2023-04-29 09:47:47,51.6833,-9.45,53.78,91,91,8.86
166,Warrnambool,AU,2023-04-29 09:47:47,-38.3833,142.4833,47.34,65,81,6.96
167,Rocha,UY,2023-04-29 09:47:47,-34.4833,-54.3333,55.51,92,0,8.77
168,Padang,ID,2023-04-29 09:47:48,-0.9492,100.3543,84.25,81,100,1.36
169,Dikson,RU,2023-04-29 09:47:48,73.5069,80.5464,20.95,86,100,14.9
170,Puerto Madryn,AR,2023-04-29 09:47:48,-42.7692,-65.0385,62.76,52,0,22.39
171,Vostok,RU,2023-04-29 09:47:48,46.4856,135.8833,44.08,76,100,6.49
172,East London,ZA,2023-04-29 09:47:48,-33.0153,27.9116,74.34,53,20,12.66
173,Mugur-Aksy,RU,2023-04-29 09:47:49,50.35,90.5,53.73,22,50,4.63
174,Nabire,ID,2023-04-29 09:47:49,-3.3667,135.4833,79.47,88,83,2.28
175,Klaksvik,FO,2023-04-29 09:47:49,62.2266,-6.589,36.52,62,100,24.16
176,Yerbogachen,RU,2023-04-29 09:47:50,61.2767,108.0108,35.2,99,100,10.87
177,Kichera,RU,2023-04-29 09:47:50,55.9375,110.0997,36.55,67,98,4.59
178,Lanas,PH,2023-04-29 09:47:50,12.0495,121.9185,84.9,77,56,8.3
179,Seversk,RU,2023-04-29 09:47:50,56.6006,84.8864,50.86,31,43,13.69
180,Ereymentau,KZ,2023-04-29 09:47:50,51.6199,73.1033,62.38,42,32,14.81
181,Ilulissat,GL,2023-04-29 09:48:51,69.2167,-51.1,30.22,59,19,6.91
182,Corrente,BR,2023-04-29 09:48:51,-3.7367,-43.3394,72.99,97,97,2.48
183,Bambous Virieux,MU,2023-04-29 09:48:51,-20.3428,57.7575,85.21,65,40,5.75
184,Port Hedland,AU,2023-04-29 09:48:52,-20.3167,118.5667,87.85,22,9,11.5
185,Bekhtery,UA,2023-04-29 09:48:52,46.251,32.2927,47.55,85,100,20.4
186,Luau,AO,2023-04-29 09:48:52,-10.7073,22.2247,79.32,43,97,6.02
187,Praya,CV,2023-04-29 09:48:52,14.9215,-23.5087,75.74,64,20,6.91
188,Talnakh,RU,2023-04-29 09:48:52,69.4865,88.3972,29.21,81,6,5.66
189,Grand-Lahou,CI,2023-04-29 09:48:53,5.1367,-5.0242,85.14,69,73,5.08
190,Sur,OM,2023-04-29 09:48:53,22.5667,59.5289,86.7,47,0,10.8
191,Luganville,VU,2023-04-29 09:48:53,-15.5333,167.1667,79.23,82,54,2.17
192,Lewistown,US,2023-04-29 09:48:53,40.5992,-77.5714,48.63,96,100,0.0
193,Broken Hill,AU,2023-04-29 09:48:53,-31.95,141.4333,57.13,38,9,6.8
194,Barrow,US,2023-04-29 09:48:54,71.2906,-156.7887,5.02,85,100,16.11
195,Cairns,AU,2023-04-29 09:48:54,-16.9167,145.7667,76.95,85,40,2.3
196,Cabo San Lucas,MX,2023-04-29 09:48:54,22.8909,-109.9124,70.52,61,84,1.01
197,Imeni Poliny Osipenko,RU,2023-04-29 09:48:54,52.4201,136.4853,38.89,64,28,6.53
198,Kismayo,SO,2023-04-29 09:48:55,-0.3582,42.5454,82.54,74,100,12.08
199,Comodoro Rivadavia,AR,2023-04-29 09:48:55,-45.8667,-67.5,57.06,41,0,16.11
200,Uruzgan,AF,2023-04-29 09:48:55,32.8333,66.0,76.05,24,27,10.04
201,Darnah,LY,2023-04-29 09:48:55,32.767,22.6367,64.18,60,0,16.28
202,Fort Nelson,CA,2023-04-29 09:48:55,58.8053,-122.7002,38.95,51,20,3.44
203,Havelock,US,2023-04-29 09:48:56,34.8791,-76.9013,69.75,88,0,6.91
204,Provideniya,RU,2023-04-29 09:48:56,64.3833,-173.3,17.22,89,95,14.52
205,Kitimat,CA,2023-04-29 09:48:56,54.0524,-128.6534,52.18,50,100,4.23
206,Mount Isa,AU,2023-04-29 09:48:56,-20.7333,139.5,67.77,45,100,13.8
207,Salalah,OM,2023-04-29 09:48:57,17.0151,54.0924,89.69,66,20,16.11
208,Beisfjord,NO,2023-04-29 09:48:57,68.3751,17.5988,38.05,93,100,4.7
209,Narsaq,GL,2023-04-29 09:48:57,60.9167,-46.05,39.42,59,0,6.85
210,Longyearbyen,SJ,2023-04-29 09:48:57,78.2186,15.6401,33.64,69,20,6.91
211,Wakkanai,JP,2023-04-29 09:48:58,45.4094,141.6739,42.78,81,75,6.91
212,Marshalltown,US,2023-04-29 09:48:58,42.0494,-92.908,44.64,88,0,10.36
213,Iracoubo,GF,2023-04-29 09:48:58,5.4802,-53.2011,77.27,90,40,8.43
214,San Jeronimo,PE,2023-04-29 09:48:59,-11.9472,-75.2829,44.44,89,100,0.72
215,Yichun,CN,2023-04-29 09:48:59,47.7,128.9,48.52,38,100,9.44
216,Port Macquarie,AU,2023-04-29 09:45:49,-31.4333,152.9167,65.89,75,72,10.13
217,La Ronge,CA,2023-04-29 09:48:59,55.1001,-105.2842,35.85,80,0,8.05
218,Tual,ID,2023-04-29 09:49:00,-5.6667,132.75,83.17,73,81,11.23
219,Pahrump,US,2023-04-29 09:47:44,36.2083,-115.9839,60.85,17,8,3.85
220,Samarinda,ID,2023-04-29 09:49:00,-0.5,117.15,79.86,88,98,2.8
221,Antofagasta,CL,2023-04-29 09:46:05,-23.65,-70.4,58.28,84,42,5.97
222,Borova,UA,2023-04-29 09:49:00,50.1763,30.1043,57.34,38,12,11.54
223,Ruteng,ID,2023-04-29 09:49:01,-8.6136,120.4721,64.81,94,94,1.68
224,Wanxian,CN,2023-04-29 09:49:01,30.8039,108.3897,73.36,46,18,2.04
225,Sao Filipe,CV,2023-04-29 09:49:01,14.8961,-24.4956,74.89,77,21,7.36
226,Cabra,ES,2023-04-29 09:49:01,37.4725,-4.4421,73.29,43,100,6.08
227,Nizwa,OM,2023-04-29 09:49:01,22.9333,57.5333,93.06,11,0,6.29
228,Flinders,AU,2023-04-29 09:50:02,-34.5833,150.8552,61.18,90,100,4.0
229,Grand Gaube,MU,2023-04-29 09:50:02,-20.0064,57.6608,85.37,58,0,8.01
230,Quesnel,CA,2023-04-29 09:50:02,52.9999,-122.5029,45.1,61,0,3.44
231,Suez,EG,2023-04-29 09:50:03,29.9737,32.5263,74.26,27,0,15.3
232,Acapulco,MX,2023-04-29 09:50:03,16.8634,-99.8901,75.0,77,0,4.12
233,Farafangana,MG,2023-04-29 09:50:03,-22.8167,47.8333,73.38,82,94,5.46
234,Iskateley,RU,2023-04-29 09:50:03,67.6803,53.1512,26.1,86,45,7.07
235,Kodiak,US,2023-04-29 09:50:04,57.79,-152.4072,36.91,81,100,3.44
236,Hofn,IS,2023-04-29 09:50:04,64.2539,-15.2082,32.32,46,0,13.15
237,Yar-Sale,RU,2023-04-29 09:50:04,66.8333,70.8333,27.54,89,100,23.38
238,Shache,CN,2023-04-29 09:50:04,38.4167,77.2406,74.91,14,5,2.89
239,Yumen,CN,2023-04-29 09:50:04,40.2833,97.2,70.34,7,6,6.91
240,Bambanglipuro,ID,2023-04-29 09:50:05,-7.95,110.2833,79.39,86,96,6.69
241,Ewa Beach,US,2023-04-29 09:50:05,21.3156,-158.0072,75.15,84,0,4.61
242,Ponta Do Sol,PT,2023-04-29 09:50:05,32.6667,-17.1,78.71,74,100,5.17
243,Pucara,PE,2023-04-29 09:50:05,-15.9803,-71.4606,38.48,58,6,3.38
244,Jiuquan,CN,2023-04-29 09:50:06,39.7432,98.5174,69.84,6,6,13.8
245,Norman Wells,CA,2023-04-29 09:50:06,65.282,-126.8329,23.04,86,75,2.3
246,Victoria,HK,2023-04-29 09:50:06,22.2855,114.1577,80.65,84,97,13.0
247,Uvalde,US,2023-04-29 09:48:27,29.3669,-99.767,52.79,53,0,8.05
248,Forio,IT,2023-04-29 09:50:07,40.7342,13.8646,68.77,86,36,5.99
249,Hovd,MN,2023-04-29 09:50:07,48.0056,91.6419,64.65,15,10,6.26
250,Dangriga,BZ,2023-04-29 09:50:07,16.9692,-88.2321,78.12,85,100,1.05
251,Wahiawa,US,2023-04-29 09:50:07,21.5028,-158.0236,71.92,88,0,4.61
252,Teya,RU,2023-04-29 09:50:08,60.3778,92.6267,30.96,84,100,12.86
253,Malartic,CA,2023-04-29 09:50:08,48.1335,-78.1328,44.71,85,100,5.41
254,Kandrian,PG,2023-04-29 09:50:08,-6.2167,149.55,79.5,85,100,1.86
255,Trenton,US,2023-04-29 09:50:08,40.217,-74.7429,51.98,94,100,12.66
256,Cabedelo,BR,2023-04-29 09:50:08,-6.9811,-34.8339,75.87,84,71,6.53
257,Pangnirtung,CA,2023-04-29 09:50:09,66.1451,-65.7125,32.67,93,100,1.54
258,Namatanai,PG,2023-04-29 09:50:09,-3.6667,152.4333,81.23,78,100,6.31
259,Pangai,TO,2023-04-29 09:50:09,-19.8,-174.35,80.33,84,5,13.29
260,La Entrada,HN,2023-04-29 09:50:09,15.05,-88.7333,72.9,88,45,4.05
261,Tessalit,ML,2023-04-29 09:50:10,20.1986,1.0114,99.27,5,0,5.44
262,Isangel,VU,2023-04-29 09:50:10,-19.55,169.2667,76.64,72,1,3.38
263,Salekhard,RU,2023-04-29 09:50:10,66.53,66.6019,29.03,78,58,9.89
264,Yining,CN,2023-04-29 09:50:10,29.0361,114.5636,61.25,63,100,2.59
265,Nagato,JP,2023-04-29 09:50:11,34.3833,131.2,63.43,99,100,10.54
266,Hannibal,US,2023-04-29 09:50:11,39.7084,-91.3585,52.75,76,0,8.05
267,Kieta,PG,2023-04-29 09:50:11,-6.2167,155.6333,80.08,78,62,2.48
268,Geraldton,AU,2023-04-29 09:50:11,-28.7667,114.6,70.21,49,4,19.57
269,Tatui,BR,2023-04-29 09:50:11,-23.3556,-47.8569,58.17,94,11,6.08
270,Salym,RU,2023-04-29 09:50:12,60.0625,71.4789,31.5,70,100,11.81
271,Oistins,BB,2023-04-29 09:50:12,13.0667,-59.5333,78.89,89,40,6.91
272,Kourou,GF,2023-04-29 09:50:12,5.1552,-52.6478,73.45,91,38,7.23
273,Shingu,JP,2023-04-29 09:50:12,33.7333,135.9833,63.79,97,100,1.21
274,Boissevain,CA,2023-04-29 09:50:12,49.2306,-100.0559,41.5,91,77,13.22
275,Torbay,CA,2023-04-29 09:50:13,47.6666,-52.7314,35.58,91,100,24.16
276,Chodziez,PL,2023-04-29 09:51:13,52.995,16.9198,54.25,85,97,7.4
277,Hamilton,US,2023-04-29 09:51:13,39.1834,-84.5333,52.57,93,20,4.61
278,Rossland,CA,2023-04-29 09:51:13,49.0831,-117.8022,40.91,67,71,3.71
279,Berlevag,NO,2023-04-29 09:51:14,70.8578,29.0864,35.6,64,13,26.46
280,Teguise,ES,2023-04-29 09:51:14,29.0605,-13.564,71.82,46,20,18.41
281,Chumikan,RU,2023-04-29 09:51:14,54.7183,135.315,28.06,91,73,2.59
282,Magalia,US,2023-04-29 09:51:14,39.8121,-121.5783,64.15,57,71,5.99
283,Anadyr,RU,2023-04-29 09:51:15,64.75,177.4833,9.1,85,0,4.47
284,Denpasar,ID,2023-04-29 09:51:15,-8.65,115.2167,76.71,94,75,9.22
285,Hami,CN,2023-04-29 09:51:15,42.8,93.45,77.41,7,8,2.1
286,Esperance,AU,2023-04-29 09:51:15,-33.8667,121.9,61.38,73,73,10.47
287,Nushki,PK,2023-04-29 09:51:15,29.5542,66.0215,72.23,42,99,8.7
288,Luocheng,CN,2023-04-29 09:51:16,29.3848,104.0286,70.5,42,92,6.69
289,Tsaratanana,MG,2023-04-29 09:51:16,-16.7833,47.65,85.59,44,5,9.53
290,Katsuura,JP,2023-04-29 09:51:16,35.1333,140.3,65.39,88,94,20.27
291,Timmins,CA,2023-04-29 09:51:16,48.4669,-81.3331,37.22,81,75,2.3
292,Odienne,CI,2023-04-29 09:51:17,9.51,-7.5692,92.53,38,1,4.47
293,Ciudad Bolivar,VE,2023-04-29 09:51:17,8.1222,-63.5497,77.14,85,17,7.96
294,Kushima,JP,2023-04-29 09:51:17,31.4583,131.2333,69.21,97,100,7.07
295,Tsarychanka,UA,2023-04-29 09:51:17,48.937,34.4786,47.64,86,100,14.12
296,Sai Buri,TH,2023-04-29 09:51:17,6.7013,101.6168,89.31,64,83,9.13
297,Japura,ID,2023-04-29 09:51:18,-0.3167,102.35,84.9,80,98,2.1
298,Lakes Entrance,AU,2023-04-29 09:51:18,-37.8811,147.981,49.15,77,100,0.98
299,Vila Franca Do Campo,PT,2023-04-29 09:51:18,37.7167,-25.4333,61.21,83,100,7.9
300,Blagoveshchenka,RU,2023-04-29 09:51:19,52.8333,79.8667,60.17,27,99,12.33
301,Shaunavon,CA,2023-04-29 09:51:19,49.6501,-108.4181,46.18,62,74,5.84
302,Dubbo,AU,2023-04-29 09:51:19,-32.25,148.6167,55.53,94,100,5.75
303,Fort-Shevchenko,KZ,2023-04-29 09:51:19,44.5086,50.263,69.51,48,65,11.74
304,Bara,NG,2023-04-29 09:51:19,10.3744,10.7288,97.16,25,72,5.75
305,Asau,RO,2023-04-29 09:51:20,46.4333,26.4,51.28,44,44,6.02
306,Erenhot,CN,2023-04-29 09:51:20,43.6475,111.9767,53.46,21,9,16.04
307,Poum,NC,2023-04-29 09:51:20,-20.2333,164.0167,76.66,70,34,11.83
308,Dingle,PH,2023-04-29 09:51:20,10.9995,122.6711,84.29,71,85,9.71
309,Banda Aceh,ID,2023-04-29 09:51:21,5.5577,95.3222,84.9,71,100,6.02
310,Sochi,RU,2023-04-29 09:51:21,43.6,39.7303,53.69,93,100,3.42
311,Gat,IL,2023-04-29 09:51:21,31.61,34.7642,68.81,100,56,21.92
312,Honiara,SB,2023-04-29 09:51:21,-9.4333,159.95,79.25,88,23,5.93
313,Port-Gentil,GA,2023-04-29 09:51:22,-0.7193,8.7815,85.96,74,20,3.44
314,Parrsboro,CA,2023-04-29 09:51:22,45.4001,-64.332,40.69,68,5,3.0
315,Sao Joao Da Barra,BR,2023-04-29 09:51:22,-21.6403,-41.0511,73.49,88,77,6.67
316,Shirvan,AZ,2023-04-29 09:51:22,39.9509,48.8994,85.84,27,54,14.32
317,Lasa,IT,2023-04-29 09:51:22,46.6166,10.7002,61.02,71,100,3.85
318,Muisne,EC,2023-04-29 09:51:23,0.6,-80.0333,77.23,85,100,3.62
319,Los Llanos De Aridane,ES,2023-04-29 09:51:23,28.6585,-17.9182,70.12,58,0,11.5
320,Yegros,PY,2023-04-29 09:51:23,-26.45,-56.4,58.37,97,1,4.92
321,Seoul,KR,2023-04-29 09:49:27,37.5683,126.9778,54.79,69,75,12.66
322,Egvekinot,RU,2023-04-29 09:51:23,66.3167,-179.1667,-0.76,86,17,13.18
323,Banes,CU,2023-04-29 09:52:24,20.9625,-75.7186,75.15,85,69,4.05
324,Kupang,ID,2023-04-29 09:52:24,-10.1667,123.5833,82.98,78,20,11.5
325,Ucluelet,CA,2023-04-29 09:50:39,48.9329,-125.5528,53.4,84,49,13.82
326,Niquero,CU,2023-04-29 09:52:24,20.0431,-77.5828,76.46,78,100,6.29
327,Hambantota,LK,2023-04-29 09:52:25,6.1241,81.1185,80.94,94,75,6.91
328,Farmington,US,2023-04-29 09:50:05,36.7281,-108.2187,42.21,39,0,4.61
329,Batticaloa,LK,2023-04-29 09:52:25,7.7102,81.6924,84.74,68,100,9.1
330,Malanje,AO,2023-04-29 09:52:25,-9.5402,16.341,75.65,48,79,6.24
331,Alta Floresta,BR,2023-04-29 09:52:25,-9.8756,-56.0861,72.88,90,87,2.68
332,Baykit,RU,2023-04-29 09:52:26,61.67,96.37,34.32,76,100,10.02
333,Alice Springs,AU,2023-04-29 09:47:29,-23.7,133.8833,58.55,58,40,5.75
334,Manta,EC,2023-04-29 09:50:23,-0.95,-80.7333,75.36,93,100,6.42
335,Mareeba,AU,2023-04-29 09:52:26,-17.0,145.4333,72.32,85,99,2.64
336,Batemans Bay,AU,2023-04-29 09:52:26,-35.7167,150.1833,56.1,95,100,9.62
337,Dzhebariki-Khaya,RU,2023-04-29 09:52:27,62.2167,135.8,33.22,88,100,0.98
338,Jiehu,CN,2023-04-29 09:52:27,35.5428,118.455,65.35,30,0,7.09
339,Iquique,CL,2023-04-29 09:49:55,-20.2208,-70.1431,66.24,79,3,4.32
340,Coahuayana,MX,2023-04-29 09:52:27,18.7333,-103.6833,67.19,72,1,2.44
341,Tiznit,MA,2023-04-29 09:52:27,29.5833,-9.5,80.19,33,41,5.46
342,Cairo,EG,2023-04-29 09:49:59,30.0626,31.2497,70.56,37,40,14.97
343,Bikin,RU,2023-04-29 09:52:28,46.8161,134.26,55.15,56,100,5.84
344,Hualmay,PE,2023-04-29 09:52:28,-11.0964,-77.6139,72.97,86,100,9.01
345,Havoysund,NO,2023-04-29 09:52:28,70.9963,24.6622,34.03,74,59,27.89
346,Nsanje,MW,2023-04-29 09:52:29,-16.92,35.262,85.21,42,8,1.88
347,Xingyi,CN,2023-04-29 09:52:29,24.1877,102.817,62.24,73,78,6.89
348,Marawi,PH,2023-04-29 09:52:29,7.9986,124.2928,71.83,97,100,1.97
349,Russell,US,2023-04-29 09:52:29,32.3502,-85.1999,60.01,100,100,0.0
350,Shelburne,CA,2023-04-29 09:52:30,44.0787,-80.2041,41.9,98,100,14.45
351,Cherskiy,RU,2023-04-29 09:52:30,68.75,161.3,11.32,97,100,3.33
352,Maragogi,BR,2023-04-29 09:52:30,-9.0122,-35.2225,78.84,83,73,1.88
353,Cozumel,MX,2023-04-29 09:52:30,20.5083,-86.9458,78.94,87,100,14.18
354,Saint-Joseph,RE,2023-04-29 09:52:30,-21.3667,55.6167,82.78,67,9,11.27
355,Namibe,AO,2023-04-29 09:52:31,-15.1961,12.1522,81.54,72,87,11.97
356,Del Rio,US,2023-04-29 09:52:31,29.3627,-100.8968,59.11,53,0,11.5
357,Georgetown,MY,2023-04-29 09:49:54,5.4112,100.3354,89.55,66,40,10.36
358,Tecoanapa,MX,2023-04-29 09:52:31,16.5167,-98.75,73.92,77,0,3.89
359,Vestmannaeyjar,IS,2023-04-29 09:52:32,63.4427,-20.2734,36.82,58,100,8.08
360,Zhuhai,CN,2023-04-29 09:52:32,22.2769,113.5678,80.38,78,40,8.05
361,Peno,RU,2023-04-29 09:52:32,56.9262,32.7426,48.74,42,52,8.52
362,Balabac,PH,2023-04-29 09:52:32,7.9868,117.0645,84.47,74,100,9.31
363,Kaeo,NZ,2023-04-29 09:52:32,-35.1,173.7833,60.6,94,100,22.66
364,Katangli,RU,2023-04-29 09:52:33,51.7102,143.2326,26.82,92,17,4.72
365,Camacupa,AO,2023-04-29 09:52:33,-12.0167,17.4833,73.99,41,100,6.13
366,Muroto,JP,2023-04-29 09:52:33,33.2833,134.15,66.7,94,100,6.71
367,Newcastle,AU,2023-04-29 09:52:33,-32.9272,151.7765,68.72,85,75,9.22
368,Surt,LY,2023-04-29 09:52:34,31.2089,16.5887,70.02,42,7,8.93
369,Wamba,NG,2023-04-29 09:52:34,8.9333,8.6,89.71,48,72,7.09
370,Coffs Harbour,AU,2023-04-29 09:52:34,-30.3,153.1333,69.76,78,98,11.5
371,Praia,CV,2023-04-29 09:48:52,14.9215,-23.5087,75.74,64,20,6.91
372,Ngorongoro,TZ,2023-04-29 09:53:34,-3.2397,35.4875,59.72,75,95,4.41
373,Tefe,BR,2023-04-29 09:53:35,-3.3542,-64.7114,72.77,98,93,1.9
374,Newport,GB,2023-04-29 09:53:35,51.5877,-2.9984,60.33,89,89,3.47
375,Mehamn,NO,2023-04-29 09:53:35,71.0357,27.8492,35.55,64,15,14.97
376,Emerald,AU,2023-04-29 09:53:35,-23.5333,148.1667,64.35,72,100,17.52
377,Pradopolis,BR,2023-04-29 09:53:36,-21.3594,-48.0656,60.98,97,2,2.59
378,Linqiong,CN,2023-04-29 09:53:36,30.4159,103.4609,78.62,34,9,7.0
379,Fortuna,US,2023-04-29 09:53:36,40.5982,-124.1573,52.93,94,4,2.39
380,Kaitangata,NZ,2023-04-29 09:53:36,-46.2817,169.8464,45.93,98,0,3.6
381,Burgeo,CA,2023-04-29 09:53:36,47.6167,-57.6152,35.89,72,6,12.75
382,Carutapera,BR,2023-04-29 09:53:37,-1.195,-46.02,75.87,93,68,4.32
383,Adrar,MR,2023-04-29 09:53:37,20.5022,-10.0711,95.34,5,0,5.95
384,Vilhena,BR,2023-04-29 09:53:37,-12.7406,-60.1458,68.05,98,12,2.66
385,Sitka,US,2023-04-29 09:53:37,57.0531,-135.33,46.29,93,100,0.0
386,Qeshm,IR,2023-04-29 09:53:37,26.9581,56.2719,87.67,55,0,9.89
387,San Cristobal,VE,2023-04-29 09:53:38,7.7669,-72.225,65.34,94,97,1.77
388,Santa Maria,BR,2023-04-29 09:53:38,-29.6842,-53.8069,52.9,100,0,2.3
389,Bjornevatn,NO,2023-04-29 09:53:38,69.6672,29.9847,35.22,64,0,19.57
390,Parakou,BJ,2023-04-29 09:53:38,9.3372,2.6303,81.46,70,95,5.21
391,Portland,US,2023-04-29 09:49:05,45.5234,-122.6762,65.82,64,0,12.66
392,Prince Rupert,CA,2023-04-29 09:49:15,54.3161,-130.3201,46.09,93,0,5.75
393,Grong,NO,2023-04-29 09:53:39,64.4654,12.3149,43.88,66,100,2.93
394,Impfondo,CG,2023-04-29 09:53:39,1.6381,18.0667,73.49,93,100,0.81
395,Gazanjyk,TM,2023-04-29 09:53:39,39.2446,55.5154,94.32,16,30,16.58
396,Oranjemund,NA,2023-04-29 09:53:39,-28.55,16.4333,65.35,54,1,11.74
397,Jumla,NP,2023-04-29 09:53:40,29.2747,82.1838,51.62,86,100,4.25
398,Tateyama,JP,2023-04-29 09:53:40,34.9833,139.8667,65.53,86,85,19.95
399,Thinadhoo,MV,2023-04-29 09:53:40,0.5333,72.9333,83.75,74,67,7.11
400,Sambava,MG,2023-04-29 09:53:41,-14.2667,50.1667,83.8,61,71,15.73
401,Aquiraz,BR,2023-04-29 09:53:41,-3.9014,-38.3911,76.17,87,96,3.22
402,Guerrero Negro,MX,2023-04-29 09:53:41,27.9769,-114.0611,57.45,88,99,10.74
403,Presidencia Roque Saenz Pena,AR,2023-04-29 09:51:16,-26.7852,-60.4388,60.44,90,0,7.67
404,Kholmogory,RU,2023-04-29 09:53:41,64.2229,41.656,35.49,94,100,13.89
405,Husavik,IS,2023-04-29 09:53:42,66.0449,-17.3389,27.63,58,74,12.19
406,Madang,PG,2023-04-29 09:53:42,-5.2246,145.7966,78.57,89,100,2.33
407,Janakpur,NP,2023-04-29 09:53:42,26.7183,85.9065,101.34,13,96,10.38
408,Yellowknife,CA,2023-04-29 09:53:42,62.456,-114.3525,32.56,69,20,3.44
409,Spornoye,RU,2023-04-29 09:53:43,50.8448,37.2913,47.46,84,100,14.85
410,Constitucion,CL,2023-04-29 09:53:43,-35.3333,-72.4167,58.66,96,88,16.71
411,Naze,JP,2023-04-29 09:53:43,28.3667,129.4833,72.52,87,9,12.41
412,Saint Paul,US,2023-04-29 09:48:55,44.9444,-93.0933,39.94,93,100,8.05
413,Tukrah,LY,2023-04-29 09:53:43,32.5341,20.5791,66.29,48,9,9.64
414,Kashi,CN,2023-04-29 09:53:44,39.4547,75.9797,72.61,16,5,6.71
415,Puerto Narino,CO,2023-04-29 09:53:44,-3.7703,-70.3831,71.51,99,80,1.48
416,Kahului,US,2023-04-29 09:51:26,20.8947,-156.47,75.85,81,0,5.99
417,Bathsheba,BB,2023-04-29 09:53:44,13.2167,-59.5167,79.41,89,40,6.91
418,Payson,US,2023-04-29 09:54:45,40.0444,-111.7321,49.24,49,0,0.0
419,Ambulu,ID,2023-04-29 09:54:45,-8.345,113.6058,78.24,89,96,0.85
420,Mocuba,MZ,2023-04-29 09:54:45,-16.8392,36.9856,83.01,46,4,3.38
421,Mercedes,AR,2023-04-29 09:54:45,-34.6515,-59.4307,64.63,61,2,13.02
422,Matara,LK,2023-04-29 09:54:46,5.9485,80.5353,81.05,83,97,9.13
423,Sirjan,IR,2023-04-29 09:54:46,29.452,55.6814,73.45,26,25,8.14
424,Verkhoyansk,RU,2023-04-29 09:54:46,67.5447,133.385,31.64,87,100,2.62
425,Pisco,PE,2023-04-29 09:54:46,-13.7,-76.2167,68.05,88,0,12.66
426,Puerto Padre,CU,2023-04-29 09:54:47,21.195,-76.6028,73.54,91,70,5.08
427,Porto Velho,BR,2023-04-29 09:52:21,-8.7619,-63.9039,75.25,94,0,3.44
428,Nampula,MZ,2023-04-29 09:54:47,-15.1165,39.2666,78.75,65,75,9.22
429,Balykshi,KZ,2023-04-29 09:54:47,47.0667,51.8667,86.0,25,0,6.71
430,Taoudenni,ML,2023-04-29 09:54:48,22.6783,-3.9836,102.09,7,0,10.92
431,Sakaiminato,JP,2023-04-29 09:54:48,35.55,133.2333,66.13,94,75,9.22
432,Morshansk,RU,2023-04-29 09:54:48,53.4435,41.8107,55.22,84,100,11.92
433,Mamallapuram,IN,2023-04-29 09:54:48,12.6264,80.1722,90.05,63,79,14.23
434,Korla,CN,2023-04-29 09:54:48,41.7597,86.1469,77.02,8,100,16.17
435,Primero De Enero,CU,2023-04-29 09:54:49,21.9469,-78.4283,74.46,81,77,4.27
436,Bandarbeyla,SO,2023-04-29 09:54:49,9.4942,50.8122,88.12,63,34,15.01
437,Alice Town,BS,2023-04-29 09:54:49,25.7167,-79.3,80.01,78,47,13.2
438,Pilar,BR,2023-04-29 09:54:49,-9.5972,-35.9567,76.93,85,90,1.86
439,Christchurch,NZ,2023-04-29 09:53:54,-43.5333,172.6333,53.47,90,74,4.61
440,Sibu,MY,2023-04-29 09:54:50,2.3,111.8167,82.71,89,40,11.5
441,Bastia,FR,2023-04-29 09:54:50,42.6667,9.3333,66.0,83,75,4.61
442,Buchanan,LR,2023-04-29 09:54:50,5.8808,-10.0467,84.58,70,100,4.92
443,Jacmel,HT,2023-04-29 09:54:50,18.2342,-72.5347,75.04,86,57,1.52
444,Zhigansk,RU,2023-04-29 09:54:51,66.7697,123.3711,34.86,88,100,4.12
445,Burns Lake,CA,2023-04-29 09:54:51,54.2331,-125.7533,27.82,97,96,3.62
446,Owando,CG,2023-04-29 09:54:51,-0.4819,15.8999,78.3,75,100,5.48
447,Orbetello,IT,2023-04-29 09:54:51,42.4408,11.2196,62.62,68,99,12.37
448,Sortavala,RU,2023-04-29 09:54:52,61.7053,30.6918,40.77,80,84,8.03
449,Jhudo,PK,2023-04-29 09:54:52,24.964,69.2968,96.42,23,6,10.63
450,Oktyabrskoye,RU,2023-04-29 09:54:52,43.0645,44.7417,66.34,56,75,4.47
451,Barkly West,ZA,2023-04-29 09:54:52,-28.5354,24.5215,74.48,23,0,4.18
452,Fengxian,CN,2023-04-29 09:54:52,34.7039,116.5872,66.42,41,0,5.79
453,Puerto Escondido,MX,2023-04-29 09:54:53,15.85,-97.0667,76.41,77,2,7.27
454,Mahibadhoo,MV,2023-04-29 09:54:53,3.7833,72.9667,83.89,73,98,9.66
455,Doctor Arroyo,MX,2023-04-29 09:54:53,23.6667,-100.1833,62.42,43,1,5.68
456,Tura,IN,2023-04-29 09:54:53,25.5198,90.2201,89.28,33,78,0.81
457,Tabas,IR,2023-04-29 09:54:53,33.5959,56.9244,87.89,18,99,4.76
458,Katoro,TZ,2023-04-29 09:54:54,-3.0203,31.8958,73.67,71,100,4.09
459,Itarema,BR,2023-04-29 09:54:54,-2.9248,-39.9167,74.95,93,100,5.37
460,Laguna,US,2023-04-29 09:54:54,38.421,-121.4238,68.63,72,0,5.75
461,Stokmarknes,NO,2023-04-29 09:54:54,68.5646,14.9108,37.38,81,75,4.61
462,Pinawa,CA,2023-04-29 09:54:55,50.1489,-95.8811,33.15,85,100,4.18
463,Port Lincoln,AU,2023-04-29 09:54:55,-34.7333,135.8667,60.17,63,98,9.1
464,Sicuani,PE,2023-04-29 09:54:55,-14.2694,-71.2261,38.84,95,37,1.01
465,Veraval,IN,2023-04-29 09:54:55,20.9,70.3667,74.73,80,100,7.11
466,Haukipudas,FI,2023-04-29 09:55:55,65.1765,25.3523,33.15,83,95,9.84
467,Champerico,GT,2023-04-29 09:55:56,14.3,-91.9167,81.03,75,10,9.19
468,Port Hueneme,US,2023-04-29 09:55:56,34.1478,-119.1951,56.07,96,100,0.0
469,Manlleu,ES,2023-04-29 09:55:56,42.0023,2.2848,83.41,43,54,1.01
470,Lompoc,US,2023-04-29 09:55:57,34.6391,-120.4579,51.94,97,100,3.44
471,Chimore,BO,2023-04-29 09:55:57,-16.9833,-65.1333,72.09,98,77,1.25
472,San Nicolas,PH,2023-04-29 09:55:57,18.1725,120.5953,87.71,70,40,4.61
473,Northam,GB,2023-04-29 09:55:57,51.0333,-4.2167,57.65,93,61,1.66
474,Bacalar,MX,2023-04-29 09:55:57,18.6667,-88.3833,79.72,81,100,6.33
475,Victor Harbor,AU,2023-04-29 09:55:58,-35.5667,138.6167,53.67,74,74,5.19
476,Aginskoye,RU,2023-04-29 09:55:58,51.1,114.53,51.04,20,100,6.11
477,Methven,NZ,2023-04-29 09:55:58,-43.6333,171.65,49.91,99,0,6.85
478,San Vicente,AR,2023-04-29 09:55:58,-26.6167,-54.1333,54.23,98,0,2.64
479,Coffeyville,US,2023-04-29 09:54:31,37.0373,-95.6164,50.45,87,100,16.11
480,Lethem,GY,2023-04-29 09:55:59,3.3803,-59.7968,74.91,91,90,8.34
481,Nebolchi,RU,2023-04-29 09:55:59,59.1239,33.3454,47.93,43,51,12.44
482,Bud,US,2023-04-29 09:55:59,39.447,-86.1758,46.38,95,78,5.28
483,Tabou,CI,2023-04-29 09:56:00,4.423,-7.3528,84.18,73,67,3.67
484,Kemang,ID,2023-04-29 09:56:00,-3.3487,104.3447,80.89,87,99,3.04
485,Lusambo,CD,2023-04-29 09:56:00,-4.9667,23.45,72.19,97,100,1.81
486,Bafut,CM,2023-04-29 09:56:00,6.0833,10.1,72.54,73,100,1.81
487,Emet,TR,2023-04-29 09:56:01,39.343,29.2585,44.17,64,100,7.11
488,Inuvik,CA,2023-04-29 09:56:01,68.3499,-133.7218,14.86,79,75,11.5
489,Buraydah,SA,2023-04-29 09:53:16,26.326,43.975,88.25,10,0,12.82
490,Canchungo,GW,2023-04-29 09:56:01,12.0672,-16.0333,78.93,47,26,8.37
491,College Station,US,2023-04-29 09:54:48,30.628,-96.3344,55.99,86,100,8.05
492,Kapiri Mposhi,ZM,2023-04-29 09:56:02,-13.9652,28.6809,77.29,34,69,5.59
493,Kaiyuan,CN,2023-04-29 09:52:36,23.6977,103.3037,68.45,62,75,5.79
494,Macau,MO,2023-04-29 09:56:02,22.2006,113.5461,80.4,78,40,8.05
495,New Baltimore,US,2023-04-29 09:56:03,42.6811,-82.7369,51.06,96,100,11.5
496,Coihueco,CL,2023-04-29 09:56:03,-36.6167,-71.8333,57.94,94,98,12.66
497,Kasama,ZM,2023-04-29 09:56:03,-10.2129,31.1808,73.76,59,22,5.41
498,Inongo,CD,2023-04-29 09:56:03,-1.95,18.2667,74.23,87,100,2.93
499,Dayong,CN,2023-04-29 09:56:04,25.0209,118.2898,75.79,89,100,1.63
500,Tarut,SA,2023-04-29 09:56:04,26.5733,50.0369,98.82,33,0,6.87
501,Antalaha,MG,2023-04-29 09:56:04,-14.9003,50.2788,85.35,57,66,14.03
502,Ocean City,US,2023-04-29 09:55:12,39.2776,-74.5746,58.01,94,100,15.99
503,Tuatapere,NZ,2023-04-29 09:56:05,-46.1333,167.6833,51.12,86,8,6.67
504,Bonavista,CA,2023-04-29 09:56:05,48.6499,-53.1147,33.15,87,100,28.48
505,Ugoofaaru,MV,2023-04-29 09:56:05,5.6667,73.0,84.22,69,100,7.31
506,Port Shepstone,ZA,2023-04-29 09:52:16,-30.7414,30.455,71.17,86,100,21.41
507,Zhangjiakou,CN,2023-04-29 09:56:06,40.81,114.8794,60.84,21,93,15.41
508,Koslan,RU,2023-04-29 09:57:06,63.4564,48.8989,37.02,74,97,13.6
509,Ampanihy,MG,2023-04-29 09:57:06,-24.7,44.75,84.6,31,0,5.46
510,Altay,CN,2023-04-29 09:57:06,47.8667,88.1167,66.79,34,3,2.06
511,Boyolangu,ID,2023-04-29 09:57:07,-8.1181,111.8935,77.59,91,98,4.05
512,Dulovo,BG,2023-04-29 09:57:07,43.8167,27.15,57.56,49,10,10.85
513,Bentiu,SS,2023-04-29 09:57:07,9.2333,29.8333,95.0,36,100,2.68
514,Ilembula,TZ,2023-04-29 09:57:07,-8.9,34.5833,77.54,50,98,8.19
515,Batouri,CM,2023-04-29 09:57:08,4.4333,14.3667,78.26,71,99,2.73
516,Tuscaloosa,US,2023-04-29 09:57:08,33.2098,-87.5692,56.05,94,0,0.0
517,Weihe,CN,2023-04-29 09:57:08,32.9952,105.3247,61.61,41,31,8.77
518,Faya,SA,2023-04-29 09:57:08,18.3851,42.4509,73.51,36,8,11.48
519,Aragarcas,BR,2023-04-29 09:57:09,-15.8975,-52.2508,71.17,88,7,0.58
520,Ayan,RU,2023-04-29 09:57:09,56.45,138.1667,27.54,92,77,4.76
521,Great Falls,US,2023-04-29 09:53:31,47.5002,-111.3008,51.67,70,0,4.61
522,Iwanai,JP,2023-04-29 09:57:09,42.9744,140.5089,54.18,77,100,5.21
523,Tonota,BW,2023-04-29 09:57:09,-21.4833,27.4833,85.68,27,5,8.08
524,Boguchany,RU,2023-04-29 09:57:10,58.3814,97.4531,42.76,64,15,11.65
525,Staryy Nadym,RU,2023-04-29 09:57:10,65.6118,72.6842,27.5,87,100,24.11
526,Pacifica,US,2023-04-29 09:57:10,37.6138,-122.4869,57.43,94,75,8.05
527,Tieling,CN,2023-04-29 09:57:11,42.2931,123.8414,46.62,67,100,18.72
528,Walvis Bay,NA,2023-04-29 09:53:37,-22.9575,14.5053,60.1,51,1,9.98
529,Sao Miguel Do Araguaia,BR,2023-04-29 09:57:11,-13.275,-50.1628,71.11,78,6,2.68
530,Crossville,US,2023-04-29 09:55:51,35.949,-85.0269,49.44,96,0,0.0
531,Koroni,GR,2023-04-29 09:57:11,36.8,21.95,65.91,63,8,7.38
532,Shanghai,CN,2023-04-29 09:54:46,31.2222,121.4581,66.06,53,0,11.18
533,Prescott,US,2023-04-29 09:54:28,34.54,-112.4685,55.9,26,0,4.61
534,Binzhou,CN,2023-04-29 09:57:12,37.3667,118.0167,69.62,21,0,9.93
535,Bilma,NE,2023-04-29 09:57:12,18.6853,12.9164,100.02,7,3,17.81
536,Kuytun,RU,2023-04-29 09:57:12,54.3419,101.5036,59.05,54,100,8.25
537,Ljungby,SE,2023-04-29 09:57:13,56.8332,13.9408,54.61,42,72,11.39
538,Clarence Town,AU,2023-04-29 09:57:13,-32.5833,151.7833,68.86,96,100,3.06
539,Aldan,RU,2023-04-29 09:57:13,58.6031,125.3894,35.26,78,70,4.18
540,Chirongui,YT,2023-04-29 09:57:13,-12.9319,45.1483,91.33,67,31,15.99
541,Kloulklubed,PW,2023-04-29 09:57:14,7.0419,134.2556,85.26,68,76,4.38
542,Innisfail,AU,2023-04-29 09:55:46,-17.5333,146.0333,72.18,84,47,1.21
543,Kenai,US,2023-04-29 09:57:14,60.5544,-151.2583,33.89,85,0,0.0
544,Vardo,NO,2023-04-29 09:57:14,70.3705,31.1107,35.58,75,75,27.63
545,Ossora,RU,2023-04-29 09:57:15,59.2353,163.0719,12.85,92,7,5.01
546,Coquimbo,CL,2023-04-29 09:54:00,-29.9533,-71.3436,53.33,87,0,6.91
547,Saint-Pierre,RE,2023-04-29 09:57:15,-21.3393,55.4781,83.88,54,0,18.41
548,Cockburn Town,TC,2023-04-29 09:55:02,21.4612,-71.1419,77.83,76,40,12.48
549,Malakwal,PK,2023-04-29 09:57:15,32.5536,73.2123,95.99,17,96,8.12
550,Encarnacion,PY,2023-04-29 09:52:35,-27.3333,-55.9,64.92,100,0,6.91
551,Sesimbra,PT,2023-04-29 09:57:16,38.4445,-9.1015,70.3,72,68,11.95
552,Rio Gallegos,AR,2023-04-29 09:57:16,-51.6226,-69.2181,44.65,100,100,20.71
553,Vao,NC,2023-04-29 09:58:16,-22.6667,167.4833,74.88,71,7,11.01
554,Baruun-Urt,MN,2023-04-29 09:58:16,46.6806,113.2792,48.92,16,92,12.95
555,Salvador,SV,2023-04-29 09:58:17,13.8333,-88.9167,72.0,95,89,0.98
556,Madera,US,2023-04-29 09:58:17,37.1666,-119.8343,72.07,85,81,4.14
557,Sinnamary,GF,2023-04-29 09:58:17,5.3833,-52.95,77.67,89,31,9.01
558,Deputatskiy,RU,2023-04-29 09:58:17,69.3,139.9,23.83,84,88,4.52
559,Binga,ZW,2023-04-29 09:58:18,-17.6203,27.3414,81.25,43,6,7.31
560,Aswan,EG,2023-04-29 09:58:18,24.0934,32.907,81.7,21,0,8.05
561,Sines,PT,2023-04-29 09:58:18,37.9562,-8.8698,67.28,82,57,10.27
562,Suntar,RU,2023-04-29 09:58:18,62.1444,117.6319,37.56,99,92,6.31
563,Wigston,GB,2023-04-29 09:58:19,52.5863,-1.1059,58.05,84,100,4.32
564,Half Moon Bay,US,2023-04-29 09:58:19,37.4636,-122.4286,56.88,91,100,8.05
565,Hokitika,NZ,2023-04-29 09:58:19,-42.7167,170.9667,56.01,86,100,4.12
566,Liwale,TZ,2023-04-29 09:58:19,-9.7667,37.9333,77.27,83,94,9.04
567,Lamu,KE,2023-04-29 09:58:20,-2.2717,40.902,82.62,82,100,16.22
568,Povenets,RU,2023-04-29 09:58:20,62.8487,34.8262,42.73,65,76,6.11
